algorithm,input_level,n,time_sec,cpu_time
Bellman-Ford,low,50,0.0013332366943359375,0.0013319160000000024
Bellman-Ford,medium,200,0.05246305465698242,0.05170449600000001
Bellman-Ford,high,500,0.5136392116546631,0.511120708
Floyd-Warshall,low,50,0.007544755935668945,0.0075114699999999646
Floyd-Warshall,medium,150,0.18088817596435547,0.18016559099999996
Floyd-Warshall,high,300,1.4682331085205078,1.440593304
Knapsack,low,50,0.0009391307830810547,0.0009396970000001836
Knapsack,medium,200,0.019629955291748047,0.01961426700000013
Knapsack,high,500,0.10540199279785156,0.10532613800000012
