level,vertices,edges,time_sec,cpu_time
low,50,200,0.0014710426330566406,0.001407709
medium,200,2000,0.060717105865478516,0.059379005
high,500,8000,0.54193115234375,0.5347743180000001
