level,vertices,edges,time_sec,cpu_time
low,50,200,0.0013587474822998047,0.001356373000000001
medium,200,2000,0.0501561164855957,0.049894413000000006
high,500,8000,0.5040397644042969,0.492371903
